orderId,Account,Order ID,B/S,Contract,Product,Product Description,avgPrice,filledQty,Fill Time,lastCommandId,Status,_priceFormat,_priceFormatType,_tickSize,spreadDefinitionId,Version ID,Timestamp,Date,Quantity,Text,Type,Limit Price,Stop Price,decimalLimit,decimalStop,Filled Qty,Avg Fill Price,decimalFillAvg,Venue,Notional Value,Currency
12641770825,1002265,12641770825, Sell,MESH6,MES,Micro E-mini S&P 500,6997.5,2,02/02/2026 09:32:58,12641770825, Filled,-2,0,0.25,,12641770825,02/02/2026 09:32:58,2/2/26,2,DOM, Limit,6997.25,,6997.25,,2,6997.50,6997.5,,"69,975.00",USD
12641770835,1002265,12641770835, Buy,MESH6,MES,Micro E-mini S&P 500,7004.25,2,02/02/2026 09:40:52,12641770835, Filled,-2,0,0.25,,12641770835,02/02/2026 09:40:50,2/2/26,2,DOM, Limit,7004.25,,7004.25,,2,7004.25,7004.25,,"70,042.50",USD
12641770846,1002265,12641770846, Sell,MESH6,MES,Micro E-mini S&P 500,7008.75,2,02/02/2026 12:25:18,12641770846, Filled,-2,0,0.25,,12641770846,02/02/2026 12:25:18,2/2/26,2,DOM, Limit,7008.75,,7008.75,,2,7008.75,7008.75,,"70,087.50",USD
12641770855,1002265,12641770855, Buy,MESH6,MES,Micro E-mini S&P 500,,,,12641770855, Canceled,-2,0,0.25,,12641770855,02/02/2026 12:26:21,2/2/26,2,DOM, Stop,,7021.00,,7021.0,,,,,,USD
12641770858,1002265,12641770858, Buy,MESH6,MES,Micro E-mini S&P 500,7009.0,2,02/02/2026 12:31:27,12641770858, Filled,-2,0,0.25,,12641770858,02/02/2026 12:30:45,2/2/26,2,DOM, Limit,7009.00,,7009.0,,2,7009.00,7009.0,,"70,090.00",USD
12641770873,1002265,12641770873, Sell,MESH6,MES,Micro E-mini S&P 500,7009.0,1,02/02/2026 12:32:13,12641770873, Filled,-2,0,0.25,,12641770873,02/02/2026 12:32:13,2/2/26,1,DOM, Limit,7009.00,,7009.0,,1,7009.00,7009.0,,"35,045.00",USD
12641770882,1002265,12641770882, Buy,MESH6,MES,Micro E-mini S&P 500,,,,12641770882, Canceled,-2,0,0.25,,12641770882,02/02/2026 12:32:29,2/2/26,1,DOM, Stop,,7021.50,,7021.5,,,,,,USD
12641770885,1002265,12641770885, Buy,MESH6,MES,Micro E-mini S&P 500,7010.75,1,02/02/2026 12:35:49,12641770885, Filled,-2,0,0.25,,12641770885,02/02/2026 12:35:49,2/2/26,1,DOM, Limit,7010.75,,7010.75,,1,7010.75,7010.75,,"35,053.75",USD
12641770905,1002265,12641770905, Sell,MESH6,MES,Micro E-mini S&P 500,,,,12641770905, Canceled,-2,0,0.25,,12641770905,02/03/2026 08:31:31,2/3/26,2,DOM, Limit,7014.25,,7014.25,,,,,,,USD
12641770912,1002265,12641770912, Buy,MESH6,MES,Micro E-mini S&P 500,7000.0,2,02/03/2026 08:45:25,12641770912, Filled,-2,0,0.25,,12641770912,02/03/2026 08:45:25,2/3/26,2,DOM, Limit,7000.25,,7000.25,,2,7000.00,7000.0,,"70,000.00",USD
12641770921,1002265,12641770921, Sell,MESH6,MES,Micro E-mini S&P 500,,,,12641770921, Canceled,-2,0,0.25,,12641770921,02/03/2026 08:45:27,2/3/26,2,DOM, Stop,,6994.00,,6994.0,,,,,,USD
12641770924,1002265,12641770924, Sell,MESH6,MES,Micro E-mini S&P 500,7007.25,2,02/03/2026 08:48:50,12641770924, Filled,-2,0,0.25,,12641770924,02/03/2026 08:48:48,2/3/26,2,DOM, Limit,7007.25,,7007.25,,2,7007.25,7007.25,,"70,072.50",USD
12641770947,1002265,12641770947, Buy,MESH6,MES,Micro E-mini S&P 500,7001.75,2,02/03/2026 08:54:11,12641770947, Filled,-2,0,0.25,,12641770947,02/03/2026 08:54:11,2/3/26,2,DOM, Limit,7002.25,,7002.25,,2,7001.75,7001.75,,"70,017.50",USD
12641770956,1002265,12641770956, Sell,MESH6,MES,Micro E-mini S&P 500,6995.75,2,02/03/2026 08:55:04,12641770956, Filled,-2,0,0.25,,12641770956,02/03/2026 08:55:04,2/3/26,2,Exit, Market,,,,,2,6995.75,6995.75,,"69,957.50",USD
12641770967,1002265,12641770967, Sell,MESH6,MES,Micro E-mini S&P 500,6968.0,2,02/03/2026 09:26:31,12641770967, Filled,-2,0,0.25,,12641770967,02/03/2026 09:26:31,2/3/26,2,DOM, Limit,6968.00,,6968.0,,2,6968.00,6968.0,,"69,680.00",USD
12641770976,1002265,12641770976, Buy,MESH6,MES,Micro E-mini S&P 500,,,,12641770976, Canceled,-2,0,0.25,,12641770976,02/03/2026 09:26:42,2/3/26,2,DOM, Stop,,6972.00,,6972.0,,,,,,USD
12641770983,1002265,12641770983, Buy,MESH6,MES,Micro E-mini S&P 500,6969.5,2,02/03/2026 09:31:33,12641770983, Filled,-2,0,0.25,,12641770983,02/03/2026 09:31:33,2/3/26,2,Exit, Market,,,,,2,6969.50,6969.5,,"69,695.00",USD
12641770995,1002265,12641770995, Sell,MESH6,MES,Micro E-mini S&P 500,6918.5,2,02/03/2026 14:20:06,12641770995, Filled,-2,0,0.25,,12641770995,02/03/2026 14:20:05,2/3/26,2,multibracket, Limit,6918.50,,6918.5,,2,6918.50,6918.5,,"69,185.00",USD
12641770998,1002265,12641770998, Buy,MESH6,MES,Micro E-mini S&P 500,,,,12641771014, Canceled,-2,0,0.25,,12641771014,02/03/2026 14:20:06,2/3/26,2,multibracket, Limit,6908.50,,6908.5,,,,,,,USD
12641771000,1002265,12641771000, Buy,MESH6,MES,Micro E-mini S&P 500,,,,12641771008, Canceled,-2,0,0.25,,12641771008,02/03/2026 14:20:06,2/3/26,2,multibracket, Stop,,6928.50,,6928.5,,,,,,USD
12641771021,1002265,12641771021, Buy,MESH6,MES,Micro E-mini S&P 500,,,,12641771048, Canceled,-2,0,0.25,,12641771048,02/03/2026 14:25:46,2/3/26,2,multibracket, Stop,,6926.00,,6926.0,,,,,,USD
12641771024,1002265,12641771024, Sell,MESH6,MES,Micro E-mini S&P 500,,,,12641771053, Canceled,-2,0,0.25,,12641771053,02/03/2026 14:25:46,2/3/26,2,multibracket, Limit,6936.00,,6936.0,,,,,,,USD
12641771026,1002265,12641771026, Sell,MESH6,MES,Micro E-mini S&P 500,,,,12641771035, Canceled,-2,0,0.25,,12641771035,02/03/2026 14:22:39,2/3/26,2,multibracket, Stop,,6912.50,,6912.5,,,,,,USD
12641771073,1002265,12641771073, Buy,MESH6,MES,Micro E-mini S&P 500,6923.75,2,02/03/2026 14:28:26,12641771073, Filled,-2,0,0.25,,12641771073,02/03/2026 14:28:26,2/3/26,2,Exit, Market,,,,,2,6923.75,6923.75,,"69,237.50",USD
12641771085,1002265,12641771085, Sell,MESH6,MES,Micro E-mini S&P 500,6932.0,2,02/03/2026 14:44:40,12641771085, Filled,-2,0,0.25,,12641771085,02/03/2026 14:44:40,2/3/26,2,multibracket, Limit,6932.00,,6932.0,,2,6932.00,6932.0,,"69,320.00",USD
12641771088,1002265,12641771088, Buy,MESH6,MES,Micro E-mini S&P 500,,,,12641771104, Canceled,-2,0,0.25,,12641771104,02/03/2026 14:44:40,2/3/26,2,multibracket, Limit,6922.00,,6922.0,,,,,,,USD
12641771090,1002265,12641771090, Buy,MESH6,MES,Micro E-mini S&P 500,6942.0,2,02/03/2026 14:55:19,12641771098, Filled,-2,0,0.25,,12641771098,02/03/2026 14:44:40,2/3/26,2,multibracket, Stop,,6942.00,,6942.0,2,6942.00,6942.0,,"69,420.00",USD
12641771128,1002265,12641771128, Sell,MESH6,MES,Micro E-mini S&P 500,6938.75,2,02/04/2026 09:39:02,12641771128, Filled,-2,0,0.25,,12641771128,02/04/2026 09:39:02,2/4/26,2,multibracket, Limit,6938.50,,6938.5,,2,6938.75,6938.75,,"69,387.50",USD
12641771137,1002265,12641771137, Buy,MESH6,MES,Micro E-mini S&P 500,,,,12641771209, Canceled,-2,0,0.25,,12641771209,02/04/2026 09:47:44,2/4/26,2,multibracket, Limit,6902.75,,6902.75,,,,,,,USD
12641771139,1002265,12641771139, Buy,MESH6,MES,Micro E-mini S&P 500,,,,12641771174, Canceled,-2,0,0.25,,12641771174,02/04/2026 09:47:26,2/4/26,2,multibracket, Stop,,6951.50,,6951.5,,,,,,USD
12641771222,1002265,12641771222, Buy,MESH6,MES,Micro E-mini S&P 500,6918.25,2,02/04/2026 10:03:21,12641771222, Filled,-2,0,0.25,,12641771222,02/04/2026 10:03:21,2/4/26,2,Exit, Market,,,,,2,6918.25,6918.25,,"69,182.50",USD
12641771234,1002265,12641771234, Sell,MESH6,MES,Micro E-mini S&P 500,6926.25,1,02/04/2026 10:16:03,12641771234, Filled,-2,0,0.25,,12641771234,02/04/2026 10:16:03,2/4/26,1,multibracket, Limit,6926.25,,6926.25,,1,6926.25,6926.25,,"34,631.25",USD
12641771237,1002265,12641771237, Buy,MESH6,MES,Micro E-mini S&P 500,6916.25,1,02/04/2026 10:17:23,12641771253, Filled,-2,0,0.25,,12641771253,02/04/2026 10:16:03,2/4/26,1,multibracket, Limit,6916.25,,6916.25,,1,6916.25,6916.25,,"34,581.25",USD
12641771239,1002265,12641771239, Buy,MESH6,MES,Micro E-mini S&P 500,,,,12641771247, Canceled,-2,0,0.25,,12641771247,02/04/2026 10:16:03,2/4/26,1,multibracket, Stop,,6936.25,,6936.25,,,,,,USD
12641771272,1002265,12641771272, Sell,MESH6,MES,Micro E-mini S&P 500,6927.0,1,02/04/2026 10:26:27,12641771272, Filled,-2,0,0.25,,12641771272,02/04/2026 10:26:27,2/4/26,1,multibracket, Limit,6927.00,,6927.0,,1,6927.00,6927.0,,"34,635.00",USD
12641771275,1002265,12641771275, Buy,MESH6,MES,Micro E-mini S&P 500,,,,12641771302, Canceled,-2,0,0.25,,12641771302,02/04/2026 10:28:07,2/4/26,1,multibracket, Limit,6912.50,,6912.5,,,,,,,USD
12641771277,1002265,12641771277, Buy,MESH6,MES,Micro E-mini S&P 500,,,,12641771297, Canceled,-2,0,0.25,,12641771297,02/04/2026 10:26:56,2/4/26,1,multibracket, Stop,,6931.50,,6931.5,,,,,,USD
12641771308,1002265,12641771308, Buy,MESH6,MES,Micro E-mini S&P 500,,,,12641771315, Canceled,-2,0,0.25,,12641771315,02/04/2026 10:35:22,2/4/26,1,multibracket, Limit,6918.00,,6918.0,,,,,,,USD
12641771311,1002265,12641771311, Sell,MESH6,MES,Micro E-mini S&P 500,,,,12641771320, Canceled,-2,0,0.25,,12641771320,02/04/2026 10:35:22,2/4/26,1,multibracket, Limit,6928.00,,6928.0,,,,,,,USD
12641771313,1002265,12641771313, Sell,MESH6,MES,Micro E-mini S&P 500,,,,12641771322, Canceled,-2,0,0.25,,12641771322,02/04/2026 10:35:22,2/4/26,1,multibracket, Stop,,6908.00,,6908.0,,,,,,USD
12641771344,1002265,12641771344, Buy,MESH6,MES,Micro E-mini S&P 500,6919.75,1,02/04/2026 10:35:26,12641771344, Filled,-2,0,0.25,,12641771344,02/04/2026 10:35:26,2/4/26,1,Exit, Market,,,,,1,6919.75,6919.75,,"34,598.75",USD
12641771356,1002265,12641771356, Sell,MESH6,MES,Micro E-mini S&P 500,6919.0,1,02/04/2026 14:14:25,12641771356, Filled,-2,0,0.25,,12641771356,02/04/2026 14:14:24,2/4/26,1,multibracket, Limit,6919.00,,6919.0,,1,6919.00,6919.0,,"34,595.00",USD
12641771359,1002265,12641771359, Buy,MESH6,MES,Micro E-mini S&P 500,,,,12641771396, Canceled,-2,0,0.25,,12641771396,02/04/2026 14:17:19,2/4/26,1,multibracket, Limit,6902.25,,6902.25,,,,,,,USD
12641771361,1002265,12641771361, Buy,MESH6,MES,Micro E-mini S&P 500,6926.5,1,02/04/2026 14:27:12,12641771401, Filled,-2,0,0.25,,12641771401,02/04/2026 14:20:51,2/4/26,1,multibracket, Stop,,6926.50,,6926.5,1,6926.50,6926.5,,"34,632.50",USD
12641771419,1002265,12641771419, Sell,MESH6,MES,Micro E-mini S&P 500,6907.5,1,02/04/2026 14:59:08,12641771419, Filled,-2,0,0.25,,12641771419,02/04/2026 14:59:08,2/4/26,1,multibracket, Limit,6907.50,,6907.5,,1,6907.50,6907.5,,"34,537.50",USD
12641771422,1002265,12641771422, Buy,MESH6,MES,Micro E-mini S&P 500,,,,12641771438, Canceled,-2,0,0.25,,12641771438,02/04/2026 14:59:08,2/4/26,1,multibracket, Limit,6897.50,,6897.5,,,,,,,USD
12641771424,1002265,12641771424, Buy,MESH6,MES,Micro E-mini S&P 500,6918.0,1,02/04/2026 15:02:04,12641771432, Filled,-2,0,0.25,,12641771432,02/04/2026 14:59:08,2/4/26,1,multibracket, Stop,,6917.50,,6917.5,1,6918.00,6918.0,,"34,590.00",USD
12641771462,1002265,12641771462, Sell,MESH6,MES,Micro E-mini S&P 500,6864.0,2,02/05/2026 08:01:43,12641771462, Filled,-2,0,0.25,,12641771462,02/05/2026 08:01:43,2/5/26,2,multibracket, Limit,6864.00,,6864.0,,2,6864.00,6864.0,,"68,640.00",USD
12641771471,1002265,12641771471, Buy,MESH6,MES,Micro E-mini S&P 500,6854.0,2,02/05/2026 08:16:20,12641771481, Filled,-2,0,0.25,,12641771481,02/05/2026 08:01:43,2/5/26,2,multibracket, Limit,6854.00,,6854.0,,2,6854.00,6854.0,,"68,540.00",USD
12641771473,1002265,12641771473, Buy,MESH6,MES,Micro E-mini S&P 500,,,,12641771497, Canceled,-2,0,0.25,,12641771497,02/05/2026 08:12:46,2/5/26,2,multibracket, Stop,,6871.50,,6871.5,,,,,,USD
12641771515,1002265,12641771515, Sell,MESH6,MES,Micro E-mini S&P 500,,,,12641771515, Canceled,-2,0,0.25,,12641771515,02/05/2026 08:31:20,2/5/26,2,multibracket, Limit,6848.75,,6848.75,,,,,,,USD
12641771518,1002265,12641771518, Buy,MESH6,MES,Micro E-mini S&P 500,,,,12641771518, Canceled,-2,0,0.25,,12641771518,02/05/2026 08:31:20,2/5/26,2,multibracket, Limit,6838.75,,6838.75,,,,,,,USD
12641771520,1002265,12641771520, Buy,MESH6,MES,Micro E-mini S&P 500,,,,12641771520, Canceled,-2,0,0.25,,12641771520,02/05/2026 08:31:20,2/5/26,2,multibracket, Stop,,6858.75,,6858.75,,,,,,USD
12641771533,1002265,12641771533, Sell,MESH6,MES,Micro E-mini S&P 500,6840.5,1,02/05/2026 08:32:30,12641771533, Filled,-2,0,0.25,,12641771533,02/05/2026 08:32:30,2/5/26,1,multibracket, Limit,6840.50,,6840.5,,1,6840.50,6840.5,,"34,202.50",USD
12641771536,1002265,12641771536, Buy,MESH6,MES,Micro E-mini S&P 500,,,,12641771573, Canceled,-2,0,0.25,,12641771573,02/05/2026 08:33:17,2/5/26,1,multibracket, Limit,6829.50,,6829.5,,,,,,,USD
12641771538,1002265,12641771538, Buy,MESH6,MES,Micro E-mini S&P 500,,,,12641771583, Canceled,-2,0,0.25,,12641771583,02/05/2026 08:34:46,2/5/26,1,multibracket, Stop,,6861.25,,6861.25,,,,,,USD
12641771596,1002265,12641771596, Buy,MESH6,MES,Micro E-mini S&P 500,6859.75,1,02/05/2026 08:37:42,12641771596, Filled,-2,0,0.25,,12641771596,02/05/2026 08:37:42,2/5/26,1,Exit, Market,,,,,1,6859.75,6859.75,,"34,298.75",USD
12641771608,1002265,12641771608, Sell,MESH6,MES,Micro E-mini S&P 500,6834.5,1,02/05/2026 09:10:24,12641771608, Filled,-2,0,0.25,,12641771608,02/05/2026 09:09:35,2/5/26,1,multibracket, Limit,6834.50,,6834.5,,1,6834.50,6834.5,,"34,172.50",USD
12641771611,1002265,12641771611, Buy,MESH6,MES,Micro E-mini S&P 500,6813.5,1,02/05/2026 09:14:44,12641771653, Filled,-2,0,0.25,,12641771653,02/05/2026 09:14:44,2/5/26,1,multibracket, Limit,6813.75,,6813.75,,1,6813.50,6813.5,,"34,067.50",USD
12641771613,1002265,12641771613, Buy,MESH6,MES,Micro E-mini S&P 500,,,,12641771633, Canceled,-2,0,0.25,,12641771633,02/05/2026 09:10:29,2/5/26,1,multibracket, Stop,,6851.75,,6851.75,,,,,,USD
12641771671,1002265,12641771671, Sell,MESH6,MES,Micro E-mini S&P 500,,,,12641771687, Canceled,-2,0,0.25,,12641771687,02/05/2026 12:03:14,2/5/26,1,multibracket, Limit,6855.50,,6855.5,,,,,,,USD
12641771674,1002265,12641771674, Buy,MESH6,MES,Micro E-mini S&P 500,,,,12641771692, Canceled,-2,0,0.25,,12641771692,02/05/2026 12:03:14,2/5/26,1,multibracket, Limit,6845.50,,6845.5,,,,,,,USD
12641771676,1002265,12641771676, Buy,MESH6,MES,Micro E-mini S&P 500,,,,12641771694, Canceled,-2,0,0.25,,12641771694,02/05/2026 12:03:14,2/5/26,1,multibracket, Stop,,6865.50,,6865.5,,,,,,USD
12641771711,1002265,12641771711, Sell,MESH6,MES,Micro E-mini S&P 500,,,,12641771711, Canceled,-2,0,0.25,,12641771711,02/05/2026 14:15:01,2/5/26,1,multibracket, Limit,6842.50,,6842.5,,,,,,,USD
12641771714,1002265,12641771714, Buy,MESH6,MES,Micro E-mini S&P 500,,,,12641771714, Canceled,-2,0,0.25,,12641771714,02/05/2026 14:15:01,2/5/26,1,multibracket, Limit,6832.50,,6832.5,,,,,,,USD
12641771716,1002265,12641771716, Buy,MESH6,MES,Micro E-mini S&P 500,,,,12641771716, Canceled,-2,0,0.25,,12641771716,02/05/2026 14:15:01,2/5/26,1,multibracket, Stop,,6852.50,,6852.5,,,,,,USD
12641771729,1002265,12641771729, Sell,MESH6,MES,Micro E-mini S&P 500,6815.25,1,02/05/2026 14:44:05,12641771729, Filled,-2,0,0.25,,12641771729,02/05/2026 14:44:00,2/5/26,1,multibracket, Limit,6815.25,,6815.25,,1,6815.25,6815.25,,"34,076.25",USD
12641771732,1002265,12641771732, Buy,MESH6,MES,Micro E-mini S&P 500,6810.25,1,02/05/2026 14:47:11,12641771754, Filled,-2,0,0.25,,12641771754,02/05/2026 14:47:11,2/5/26,1,multibracket, Limit,6810.25,,6810.25,,1,6810.25,6810.25,,"34,051.25",USD
12641771734,1002265,12641771734, Buy,MESH6,MES,Micro E-mini S&P 500,,,,12641771742, Canceled,-2,0,0.25,,12641771742,02/05/2026 14:44:05,2/5/26,1,multibracket, Stop,,6825.25,,6825.25,,,,,,USD
12641771777,1002265,12641771777, Sell,MESH6,MES,Micro E-mini S&P 500,6859.0,2,02/06/2026 07:20:02,12641771777, Filled,-2,0,0.25,,12641771777,02/06/2026 07:20:02,2/6/26,2,multibracket, Limit,6859.00,,6859.0,,2,6859.00,6859.0,,"68,590.00",USD
12641771780,1002265,12641771780, Buy,MESH6,MES,Micro E-mini S&P 500,6851.0,2,02/06/2026 07:37:46,12641771817, Filled,-2,0,0.25,,12641771817,02/06/2026 07:27:31,2/6/26,2,multibracket, Limit,6851.00,,6851.0,,2,6851.00,6851.0,,"68,510.00",USD
12641771782,1002265,12641771782, Buy,MESH6,MES,Micro E-mini S&P 500,,,,12641771822, Canceled,-2,0,0.25,,12641771822,02/06/2026 07:31:49,2/6/26,2,multibracket, Stop,,6866.00,,6866.0,,,,,,USD
12641771840,1002265,12641771840, Sell,MESH6,MES,Micro E-mini S&P 500,6856.25,1,02/06/2026 07:46:44,12641771840, Filled,-2,0,0.25,,12641771840,02/06/2026 07:46:44,2/6/26,1,multibracket, Limit,6856.25,,6856.25,,1,6856.25,6856.25,,"34,281.25",USD
12641771849,1002265,12641771849, Buy,MESH6,MES,Micro E-mini S&P 500,,,,12641771859, Canceled,-2,0,0.25,,12641771859,02/06/2026 07:46:44,2/6/26,1,multibracket, Limit,6846.25,,6846.25,,,,,,,USD
12641771851,1002265,12641771851, Buy,MESH6,MES,Micro E-mini S&P 500,,,,12641771865, Canceled,-2,0,0.25,,12641771865,02/06/2026 07:46:57,2/6/26,1,multibracket, Stop,,6872.00,,6872.0,,,,,,USD
12641771871,1002265,12641771871, Buy,MESH6,MES,Micro E-mini S&P 500,6857.5,1,02/06/2026 07:47:33,12641771871, Filled,-2,0,0.25,,12641771871,02/06/2026 07:47:33,2/6/26,1,multibracket, Limit,6857.75,,6857.75,,1,6857.50,6857.5,,"34,287.50",USD
12641771882,1002265,12641771882, Sell,MESH6,MES,Micro E-mini S&P 500,,,,12641771897, Canceled,-2,0,0.25,,12641771897,02/06/2026 07:47:33,2/6/26,1,multibracket, Limit,6867.50,,6867.5,,,,,,,USD
12641771884,1002265,12641771884, Sell,MESH6,MES,Micro E-mini S&P 500,,,,12641771890, Canceled,-2,0,0.25,,12641771890,02/06/2026 07:47:33,2/6/26,1,multibracket, Stop,,6847.50,,6847.5,,,,,,USD
12641771921,1002265,12641771921, Buy,MESH6,MES,Micro E-mini S&P 500,6853.5,2,02/06/2026 08:30:17,12641771921, Filled,-2,0,0.25,,12641771921,02/06/2026 08:30:15,2/6/26,2,multibracket, Limit,6853.50,,6853.5,,2,6853.50,6853.5,,"68,535.00",USD
12641771924,1002265,12641771924, Sell,MESH6,MES,Micro E-mini S&P 500,6861.75,2,02/06/2026 08:30:44,12641771951, Filled,-2,0,0.25,,12641771951,02/06/2026 08:30:42,2/6/26,2,multibracket, Limit,6861.75,,6861.75,,2,6861.75,6861.75,,"68,617.50",USD
12641771926,1002265,12641771926, Sell,MESH6,MES,Micro E-mini S&P 500,,,,12641771946, Canceled,-2,0,0.25,,12641771946,02/06/2026 08:30:33,2/6/26,2,multibracket, Stop,,6848.00,,6848.0,,,,,,USD
12641771969,1002265,12641771969, Buy,MESH6,MES,Micro E-mini S&P 500,6858.0,1,02/06/2026 08:31:08,12641771969, Filled,-2,0,0.25,,12641771969,02/06/2026 08:31:08,2/6/26,1,multibracket, Limit,6858.00,,6858.0,,1,6858.00,6858.0,,"34,290.00",USD
12641771978,1002265,12641771978, Sell,MESH6,MES,Micro E-mini S&P 500,6868.0,1,02/06/2026 08:32:52,12641771988, Filled,-2,0,0.25,,12641771988,02/06/2026 08:31:08,2/6/26,1,multibracket, Limit,6868.00,,6868.0,,1,6868.00,6868.0,,"34,340.00",USD
12641771980,1002265,12641771980, Sell,MESH6,MES,Micro E-mini S&P 500,,,,12641771994, Canceled,-2,0,0.25,,12641771994,02/06/2026 08:31:31,2/6/26,1,multibracket, Stop,,6852.25,,6852.25,,,,,,USD
12641772012,1002265,12641772012, Buy,MESH6,MES,Micro E-mini S&P 500,6881.25,1,02/06/2026 08:35:40,12641772012, Filled,-2,0,0.25,,12641772012,02/06/2026 08:35:32,2/6/26,1,multibracket, Limit,6881.25,,6881.25,,1,6881.25,6881.25,,"34,406.25",USD
12641772015,1002265,12641772015, Sell,MESH6,MES,Micro E-mini S&P 500,6888.25,1,02/06/2026 08:38:10,12641772042, Filled,-2,0,0.25,,12641772042,02/06/2026 08:38:10,2/6/26,1,multibracket, Limit,6888.00,,6888.0,,1,6888.25,6888.25,,"34,441.25",USD
12641772017,1002265,12641772017, Sell,MESH6,MES,Micro E-mini S&P 500,,,,12641772037, Canceled,-2,0,0.25,,12641772037,02/06/2026 08:36:37,2/6/26,1,multibracket, Stop,,6873.75,,6873.75,,,,,,USD
12641772060,1002265,12641772060, Buy,MESH6,MES,Micro E-mini S&P 500,6887.75,1,02/06/2026 09:02:07,12641772060, Filled,-2,0,0.25,,12641772060,02/06/2026 09:02:07,2/6/26,1,multibracket, Limit,6887.75,,6887.75,,1,6887.75,6887.75,,"34,438.75",USD
12641772063,1002265,12641772063, Sell,MESH6,MES,Micro E-mini S&P 500,,,,12641772079, Canceled,-2,0,0.25,,12641772079,02/06/2026 09:02:07,2/6/26,1,multibracket, Limit,6897.75,,6897.75,,,,,,,USD
12641772065,1002265,12641772065, Sell,MESH6,MES,Micro E-mini S&P 500,6883.0,1,02/06/2026 09:03:27,12641772085, Filled,-2,0,0.25,,12641772085,02/06/2026 09:02:13,2/6/26,1,multibracket, Stop,,6883.00,,6883.0,1,6883.00,6883.0,,"34,415.00",USD
12641772103,1002265,12641772103, Sell,MESH6,MES,Micro E-mini S&P 500,6882.25,1,02/06/2026 09:03:36,12641772103, Filled,-2,0,0.25,,12641772103,02/06/2026 09:03:33,2/6/26,1,multibracket, Limit,6882.25,,6882.25,,1,6882.25,6882.25,,"34,411.25",USD
12641772106,1002265,12641772106, Buy,MESH6,MES,Micro E-mini S&P 500,,,,12641772122, Canceled,-2,0,0.25,,12641772122,02/06/2026 09:03:36,2/6/26,1,multibracket, Limit,6872.25,,6872.25,,,,,,,USD
12641772108,1002265,12641772108, Buy,MESH6,MES,Micro E-mini S&P 500,,,,12641772116, Canceled,-2,0,0.25,,12641772116,02/06/2026 09:03:36,2/6/26,1,multibracket, Stop,,6892.25,,6892.25,,,,,,USD
12641772136,1002265,12641772136, Buy,MESH6,MES,Micro E-mini S&P 500,6889.5,1,02/06/2026 09:05:16,12641772136, Filled,-2,0,0.25,,12641772136,02/06/2026 09:05:16,2/6/26,1,Exit, Market,,,,,1,6889.50,6889.5,,"34,447.50",USD
12641772148,1002265,12641772148, Buy,MESH6,MES,Micro E-mini S&P 500,6880.75,1,02/06/2026 09:06:40,12641772148, Filled,-2,0,0.25,,12641772148,02/06/2026 09:06:35,2/6/26,1,multibracket, Limit,6880.75,,6880.75,,1,6880.75,6880.75,,"34,403.75",USD
12641772151,1002265,12641772151, Sell,MESH6,MES,Micro E-mini S&P 500,6888.5,1,02/06/2026 09:10:44,12641772183, Filled,-2,0,0.25,,12641772183,02/06/2026 09:10:30,2/6/26,1,multibracket, Limit,6888.50,,6888.5,,1,6888.50,6888.5,,"34,442.50",USD
12641772153,1002265,12641772153, Sell,MESH6,MES,Micro E-mini S&P 500,,,,12641772173, Canceled,-2,0,0.25,,12641772173,02/06/2026 09:07:47,2/6/26,1,multibracket, Stop,,6874.00,,6874.0,,,,,,USD
12641772201,1002265,12641772201, Sell,MESH6,MES,Micro E-mini S&P 500,6879.0,1,02/06/2026 09:15:10,12641772201, Filled,-2,0,0.25,,12641772201,02/06/2026 09:15:10,2/6/26,1,multibracket, Limit,6879.00,,6879.0,,1,6879.00,6879.0,,"34,395.00",USD
12641772204,1002265,12641772204, Buy,MESH6,MES,Micro E-mini S&P 500,6874.5,1,02/06/2026 09:16:10,12641772226, Filled,-2,0,0.25,,12641772226,02/06/2026 09:16:10,2/6/26,1,multibracket, Limit,6875.50,,6875.5,,1,6874.50,6874.5,,"34,372.50",USD
12641772206,1002265,12641772206, Buy,MESH6,MES,Micro E-mini S&P 500,,,,12641772214, Canceled,-2,0,0.25,,12641772214,02/06/2026 09:15:10,2/6/26,1,multibracket, Stop,,6889.00,,6889.0,,,,,,USD
12641772244,1002265,12641772244, Buy,MESH6,MES,Micro E-mini S&P 500,6894.25,1,02/06/2026 09:21:15,12641772244, Filled,-2,0,0.25,,12641772244,02/06/2026 09:21:13,2/6/26,1,multibracket, Limit,6894.25,,6894.25,,1,6894.25,6894.25,,"34,471.25",USD
12641772247,1002265,12641772247, Sell,MESH6,MES,Micro E-mini S&P 500,,,,12641772263, Canceled,-2,0,0.25,,12641772263,02/06/2026 09:21:15,2/6/26,1,multibracket, Limit,6904.25,,6904.25,,,,,,,USD
12641772249,1002265,12641772249, Sell,MESH6,MES,Micro E-mini S&P 500,,,,12641772269, Canceled,-2,0,0.25,,12641772269,02/06/2026 09:21:27,2/6/26,1,multibracket, Stop,,6887.00,,6887.0,,,,,,USD
12641772275,1002265,12641772275, Sell,MESH6,MES,Micro E-mini S&P 500,6898.5,1,02/06/2026 09:23:08,12641772282, Filled,-2,0,0.25,,12641772282,02/06/2026 09:23:08,2/6/26,1,multibracket, Limit,6898.50,,6898.5,,1,6898.50,6898.5,,"34,492.50",USD
12641772278,1002265,12641772278, Buy,MESH6,MES,Micro E-mini S&P 500,,,,12641772306, Canceled,-2,0,0.25,,12641772306,02/06/2026 09:23:08,2/6/26,1,multibracket, Limit,6888.50,,6888.5,,,,,,,USD
12641772280,1002265,12641772280, Buy,MESH6,MES,Micro E-mini S&P 500,,,,12641772299, Canceled,-2,0,0.25,,12641772299,02/06/2026 09:23:08,2/6/26,1,multibracket, Stop,,6908.50,,6908.5,,,,,,USD
12641772335,1002265,12641772335, Sell,MESH6,MES,Micro E-mini S&P 500,6935.75,2,02/09/2026 08:33:12,12641772335, Filled,-2,0,0.25,,12641772335,02/09/2026 08:33:11,2/9/26,2,multibracket, Limit,6935.75,,6935.75,,2,6935.75,6935.75,,"69,357.50",USD
12641772338,1002265,12641772338, Buy,MESH6,MES,Micro E-mini S&P 500,,,,12641772356, Canceled,-2,0,0.25,,12641772356,02/09/2026 08:33:12,2/9/26,2,multibracket, Limit,6925.75,,6925.75,,,,,,,USD
12641772340,1002265,12641772340, Buy,MESH6,MES,Micro E-mini S&P 500,6941.25,2,02/09/2026 08:34:06,12641772362, Filled,-2,0,0.25,,12641772362,02/09/2026 08:33:23,2/9/26,2,multibracket, Stop,,6941.25,,6941.25,2,6941.25,6941.25,,"69,412.50",USD
12641772380,1002265,12641772380, Sell,MESH6,MES,Micro E-mini S&P 500,6941.75,2,02/09/2026 08:37:40,12641772380, Filled,-2,0,0.25,,12641772380,02/09/2026 08:37:40,2/9/26,2,multibracket, Limit,6941.25,,6941.25,,2,6941.75,6941.75,,"69,417.50",USD
12641772389,1002265,12641772389, Buy,MESH6,MES,Micro E-mini S&P 500,,,,12641772404, Canceled,-2,0,0.25,,12641772404,02/09/2026 08:37:40,2/9/26,2,multibracket, Limit,6931.75,,6931.75,,,,,,,USD
12641772391,1002265,12641772391, Buy,MESH6,MES,Micro E-mini S&P 500,6951.75,2,02/09/2026 08:39:52,12641772397, Filled,-2,0,0.25,,12641772397,02/09/2026 08:37:40,2/9/26,2,multibracket, Stop,,6951.75,,6951.75,2,6951.75,6951.75,,"69,517.50",USD
12641772423,1002265,12641772423, Buy,MESH6,MES,Micro E-mini S&P 500,6956.0,2,02/09/2026 08:47:23,12641772423, Filled,-2,0,0.25,,12641772423,02/09/2026 08:47:21,2/9/26,2,DOM, Limit,6956.00,,6956.0,,2,6956.00,6956.0,,"69,560.00",USD
12641772432,1002265,12641772432, Sell,MESH6,MES,Micro E-mini S&P 500,6953.75,2,02/09/2026 08:47:43,12641772432, Filled,-2,0,0.25,,12641772432,02/09/2026 08:47:37,2/9/26,2,DOM, Stop,,6953.75,,6953.75,2,6953.75,6953.75,,"69,537.50",USD
12641772443,1002265,12641772443, Sell,MESH6,MES,Micro E-mini S&P 500,,,,12641772443, Canceled,-2,0,0.25,,12641772443,02/09/2026 09:02:26,2/9/26,2,DOM, Limit,6945.75,,6945.75,,,,,,,USD
12641772450,1002265,12641772450, Sell,MESH6,MES,Micro E-mini S&P 500,6948.75,2,02/09/2026 09:03:28,12641772450, Filled,-2,0,0.25,,12641772450,02/09/2026 09:03:28,2/9/26,2,DOM, Limit,6948.75,,6948.75,,2,6948.75,6948.75,,"69,487.50",USD
12641772459,1002265,12641772459, Buy,MESH6,MES,Micro E-mini S&P 500,6958.5,2,02/09/2026 09:06:17,12641772459, Filled,-2,0,0.25,,12641772459,02/09/2026 09:06:17,2/9/26,2,DOM, Limit,6958.75,,6958.75,,2,6958.50,6958.5,,"69,585.00",USD
12641772475,1002265,12641772475, Buy,MESH6,MES,Micro E-mini S&P 500,6978.0,2,02/10/2026 08:43:33,12641772475, Filled,-2,0,0.25,,12641772475,02/10/2026 08:43:33,2/10/26,2,DOM, Limit,6978.00,,6978.0,,2,6978.00,6978.0,,"69,780.00",USD
12641772484,1002265,12641772484, Sell,MESH6,MES,Micro E-mini S&P 500,,,,12641772484, Canceled,-2,0,0.25,,12641772484,02/10/2026 08:49:43,2/10/26,2,DOM, Stop,,6968.00,,6968.0,,,,,,USD
12641772487,1002265,12641772487, Sell,MESH6,MES,Micro E-mini S&P 500,6986.25,2,02/10/2026 08:52:15,12641772487, Filled,-2,0,0.25,,12641772487,02/10/2026 08:52:15,2/10/26,2,DOM, Limit,6986.00,,6986.0,,2,6986.25,6986.25,,"69,862.50",USD
12641772508,1002265,12641772508, Sell,MESH6,MES,Micro E-mini S&P 500,6963.5,1,02/11/2026 10:34:26,12641772508, Filled,-2,0,0.25,,12641772508,02/11/2026 10:34:25,2/11/26,1,multibracket, Limit,6963.50,,6963.5,,1,6963.50,6963.5,,"34,817.50",USD
12641772511,1002265,12641772511, Buy,MESH6,MES,Micro E-mini S&P 500,,,,12641772538, Canceled,-2,0,0.25,,12641772538,02/11/2026 10:34:50,2/11/26,1,multibracket, Limit,6951.00,,6951.0,,,,,,,USD
12641772513,1002265,12641772513, Buy,MESH6,MES,Micro E-mini S&P 500,,,,12641772533, Canceled,-2,0,0.25,,12641772533,02/11/2026 10:34:31,2/11/26,1,multibracket, Stop,,6976.75,,6976.75,,,,,,USD
12641772551,1002265,12641772551, Buy,MESH6,MES,Micro E-mini S&P 500,6959.75,1,02/11/2026 11:01:08,12641772551, Filled,-2,0,0.25,,12641772551,02/11/2026 11:01:08,2/11/26,1,Exit, Market,,,,,1,6959.75,6959.75,,"34,798.75",USD
12641772563,1002265,12641772563, Sell,MESH6,MES,Micro E-mini S&P 500,6954.75,2,02/11/2026 11:05:51,12641772563, Filled,-2,0,0.25,,12641772563,02/11/2026 11:05:51,2/11/26,2,multibracket, Limit,6954.75,,6954.75,,2,6954.75,6954.75,,"69,547.50",USD
12641772566,1002265,12641772566, Buy,MESH6,MES,Micro E-mini S&P 500,,,,12641772582, Canceled,-2,0,0.25,,12641772582,02/11/2026 11:05:51,2/11/26,2,multibracket, Limit,6944.75,,6944.75,,,,,,,USD
12641772568,1002265,12641772568, Buy,MESH6,MES,Micro E-mini S&P 500,6961.5,2,02/11/2026 11:09:10,12641772598, Filled,-2,0,0.25,,12641772598,02/11/2026 11:06:08,2/11/26,2,multibracket, Stop,,6961.50,,6961.5,2,6961.50,6961.5,,"69,615.00",USD
12641772616,1002265,12641772616, Sell,MESH6,MES,Micro E-mini S&P 500,6963.5,2,02/11/2026 11:21:21,12641772616, Filled,-2,0,0.25,,12641772616,02/11/2026 11:21:21,2/11/26,2,multibracket, Limit,6963.50,,6963.5,,2,6963.50,6963.5,,"69,635.00",USD
12641772625,1002265,12641772625, Buy,MESH6,MES,Micro E-mini S&P 500,,,,12641772635, Canceled,-2,0,0.25,,12641772635,02/11/2026 11:21:21,2/11/26,2,multibracket, Limit,6953.50,,6953.5,,,,,,,USD
12641772627,1002265,12641772627, Buy,MESH6,MES,Micro E-mini S&P 500,6973.5,2,02/11/2026 11:25:30,12641772629, Filled,-2,0,0.25,,12641772629,02/11/2026 11:21:21,2/11/26,2,multibracket, Stop,,6973.50,,6973.5,2,6973.50,6973.5,,"69,735.00",USD
12641772659,1002265,12641772659, Sell,MESH6,MES,Micro E-mini S&P 500,6888.75,2,02/12/2026 13:20:35,12641772659, Filled,-2,0,0.25,,12641772659,02/12/2026 13:20:29,2/12/26,2,multibracket, Limit,6888.75,,6888.75,,2,6888.75,6888.75,,"68,887.50",USD
12641772662,1002265,12641772662, Buy,MESH6,MES,Micro E-mini S&P 500,,,,12641772689, Canceled,-2,0,0.25,,12641772689,02/12/2026 13:21:04,2/12/26,2,multibracket, Limit,6871.25,,6871.25,,,,,,,USD
12641772664,1002265,12641772664, Buy,MESH6,MES,Micro E-mini S&P 500,,,,12641772684, Canceled,-2,0,0.25,,12641772684,02/12/2026 13:20:49,2/12/26,2,multibracket, Stop,,6902.50,,6902.5,,,,,,USD
12641772702,1002265,12641772702, Buy,MESH6,MES,Micro E-mini S&P 500,6874.75,2,02/12/2026 14:24:33,12641772702, Filled,-2,0,0.25,,12641772702,02/12/2026 14:24:33,2/12/26,2,Exit, Market,,,,,2,6874.75,6874.75,,"68,747.50",USD
12641772714,1002265,12641772714, Sell,MESH6,MES,Micro E-mini S&P 500,6869.5,1,02/12/2026 14:31:31,12641772721, Filled,-2,0,0.25,,12641772721,02/12/2026 14:31:31,2/12/26,1,multibracket, Limit,6869.50,,6869.5,,1,6869.50,6869.5,,"34,347.50",USD
12641772717,1002265,12641772717, Buy,MESH6,MES,Micro E-mini S&P 500,,,,12641772755, Canceled,-2,0,0.25,,12641772755,02/12/2026 14:31:52,2/12/26,1,multibracket, Limit,6861.50,,6861.5,,,,,,,USD
12641772719,1002265,12641772719, Buy,MESH6,MES,Micro E-mini S&P 500,,,,12641772750, Canceled,-2,0,0.25,,12641772750,02/12/2026 14:31:39,2/12/26,1,multibracket, Stop,,6881.75,,6881.75,,,,,,USD
12641772761,1002265,12641772761, Buy,MESH6,MES,Micro E-mini S&P 500,6867.5,1,02/12/2026 14:34:58,12641772761, Filled,-2,0,0.25,,12641772761,02/12/2026 14:34:58,2/12/26,1,multibracket, Limit,6867.50,,6867.5,,1,6867.50,6867.5,,"34,337.50",USD
12641772772,1002265,12641772772, Sell,MESH6,MES,Micro E-mini S&P 500,,,,12641772782, Canceled,-2,0,0.25,,12641772782,02/12/2026 14:34:58,2/12/26,1,multibracket, Limit,6877.50,,6877.5,,,,,,,USD
12641772774,1002265,12641772774, Sell,MESH6,MES,Micro E-mini S&P 500,,,,12641772776, Canceled,-2,0,0.25,,12641772776,02/12/2026 14:34:58,2/12/26,1,multibracket, Stop,,6857.50,,6857.5,,,,,,USD
12641772805,1002265,12641772805, Sell,MESH6,MES,Micro E-mini S&P 500,6857.5,1,02/12/2026 14:46:48,12641772805, Filled,-2,0,0.25,,12641772805,02/12/2026 14:46:48,2/12/26,1,multibracket, Limit,6857.50,,6857.5,,1,6857.50,6857.5,,"34,287.50",USD
12641772814,1002265,12641772814, Buy,MESH6,MES,Micro E-mini S&P 500,6855.0,1,02/12/2026 14:49:00,12641772835, Filled,-2,0,0.25,,12641772835,02/12/2026 14:49:00,2/12/26,1,multibracket, Limit,6855.50,,6855.5,,1,6855.00,6855.0,,"34,275.00",USD
12641772816,1002265,12641772816, Buy,MESH6,MES,Micro E-mini S&P 500,,,,12641772818, Canceled,-2,0,0.25,,12641772818,02/12/2026 14:46:48,2/12/26,1,multibracket, Stop,,6867.50,,6867.5,,,,,,USD
12641772853,1002265,12641772853, Sell,MESH6,MES,Micro E-mini S&P 500,6849.75,1,02/12/2026 14:53:58,12641772853, Filled,-2,0,0.25,,12641772853,02/12/2026 14:53:58,2/12/26,1,multibracket, Limit,6849.75,,6849.75,,1,6849.75,6849.75,,"34,248.75",USD
12641772856,1002265,12641772856, Buy,MESH6,MES,Micro E-mini S&P 500,,,,12641772872, Canceled,-2,0,0.25,,12641772872,02/12/2026 14:53:58,2/12/26,1,multibracket, Limit,6839.75,,6839.75,,,,,,,USD
12641772858,1002265,12641772858, Buy,MESH6,MES,Micro E-mini S&P 500,,,,12641772878, Canceled,-2,0,0.25,,12641772878,02/12/2026 14:56:13,2/12/26,1,multibracket, Stop,,6861.25,,6861.25,,,,,,USD
12641772884,1002265,12641772884, Buy,MESH6,MES,Micro E-mini S&P 500,6851.25,1,02/12/2026 14:57:03,12641772884, Filled,-2,0,0.25,,12641772884,02/12/2026 14:57:03,2/12/26,1,multibracket, Limit,6851.25,,6851.25,,1,6851.25,6851.25,,"34,256.25",USD
12641772887,1002265,12641772887, Sell,MESH6,MES,Micro E-mini S&P 500,,,,12641772905, Canceled,-2,0,0.25,,12641772905,02/12/2026 14:57:03,2/12/26,1,multibracket, Limit,6861.25,,6861.25,,,,,,,USD
12641772889,1002265,12641772889, Sell,MESH6,MES,Micro E-mini S&P 500,,,,12641772899, Canceled,-2,0,0.25,,12641772899,02/12/2026 14:57:03,2/12/26,1,multibracket, Stop,,6841.25,,6841.25,,,,,,USD
12641772928,1002265,12641772928, Sell,MESH6,MES,Micro E-mini S&P 500,6851.0,1,02/12/2026 14:59:09,12641772928, Filled,-2,0,0.25,,12641772928,02/12/2026 14:59:06,2/12/26,1,multibracket, Limit,6851.00,,6851.0,,1,6851.00,6851.0,,"34,255.00",USD
12641772931,1002265,12641772931, Buy,MESH6,MES,Micro E-mini S&P 500,,,,12641772958, Canceled,-2,0,0.25,,12641772958,02/12/2026 15:00:14,2/12/26,1,multibracket, Limit,6848.50,,6848.5,,,,,,,USD
12641772933,1002265,12641772933, Buy,MESH6,MES,Micro E-mini S&P 500,,,,12641772953, Canceled,-2,0,0.25,,12641772953,02/12/2026 14:59:24,2/12/26,1,multibracket, Stop,,6857.75,,6857.75,,,,,,USD
12641772971,1002265,12641772971, Buy,MESH6,MES,Micro E-mini S&P 500,6851.75,1,02/12/2026 15:00:16,12641772971, Filled,-2,0,0.25,,12641772971,02/12/2026 15:00:16,2/12/26,1,Exit, Market,,,,,1,6851.75,6851.75,,"34,258.75",USD
12641772988,1002265,12641772988, Sell,MESH6,MES,Micro E-mini S&P 500,6858.5,1,02/13/2026 07:30:50,12641772988, Filled,-2,0,0.25,,12641772988,02/13/2026 07:30:50,2/13/26,1,multibracket, Limit,6858.50,,6858.5,,1,6858.50,6858.5,,"34,292.50",USD
12641772991,1002265,12641772991, Buy,MESH6,MES,Micro E-mini S&P 500,6856.0,1,02/13/2026 07:32:05,12641773023, Filled,-2,0,0.25,,12641773023,02/13/2026 07:32:05,2/13/26,1,multibracket, Limit,6856.75,,6856.75,,1,6856.00,6856.0,,"34,280.00",USD
12641772993,1002265,12641772993, Buy,MESH6,MES,Micro E-mini S&P 500,,,,12641773013, Canceled,-2,0,0.25,,12641773013,02/13/2026 07:31:00,2/13/26,1,multibracket, Stop,,6881.75,,6881.75,,,,,,USD
12641773041,1002265,12641773041, Sell,MESH6,MES,Micro E-mini S&P 500,6850.5,1,02/13/2026 07:33:20,12641773041, Filled,-2,0,0.25,,12641773041,02/13/2026 07:33:17,2/13/26,1,multibracket, Limit,6850.50,,6850.5,,1,6850.50,6850.5,,"34,252.50",USD
12641773044,1002265,12641773044, Buy,MESH6,MES,Micro E-mini S&P 500,6822.25,1,02/13/2026 08:40:59,12641773139, Filled,-2,0,0.25,,12641773139,02/13/2026 08:39:54,2/13/26,1,multibracket, Limit,6822.25,,6822.25,,1,6822.25,6822.25,,"34,111.25",USD
12641773046,1002265,12641773046, Buy,MESH6,MES,Micro E-mini S&P 500,,,,12641773112, Canceled,-2,0,0.25,,12641773112,02/13/2026 08:30:26,2/13/26,1,multibracket, Stop,,6861.75,,6861.75,,,,,,USD
12641773082,1002265,12641773082, Sell,MESH6,MES,Micro E-mini S&P 500,6849.75,1,02/13/2026 08:30:16,12641773082, Filled,-2,0,0.25,,12641773082,02/13/2026 08:30:06,2/13/26,1,multibracket, Limit,6849.75,,6849.75,,1,6849.75,6849.75,,"34,248.75",USD
12641773085,1002265,12641773085, Buy,MESH6,MES,Micro E-mini S&P 500,6840.5,1,02/13/2026 08:35:25,12641773117, Filled,-2,0,0.25,,12641773117,02/13/2026 08:30:41,2/13/26,1,multibracket, Limit,6840.50,,6840.5,,1,6840.50,6840.5,,"34,202.50",USD
12641773087,1002265,12641773087, Buy,MESH6,MES,Micro E-mini S&P 500,,,,12641773107, Canceled,-2,0,0.25,,12641773107,02/13/2026 08:30:21,2/13/26,1,multibracket, Stop,,6862.25,,6862.25,,,,,,USD
12641773157,1002265,12641773157, Sell,MESH6,MES,Micro E-mini S&P 500,6853.0,1,02/13/2026 08:47:25,12641773157, Filled,-2,0,0.25,,12641773157,02/13/2026 08:47:23,2/13/26,1,multibracket, Limit,6853.00,,6853.0,,1,6853.00,6853.0,,"34,265.00",USD
12641773160,1002265,12641773160, Buy,MESH6,MES,Micro E-mini S&P 500,,,,12641773176, Canceled,-2,0,0.25,,12641773176,02/13/2026 08:47:25,2/13/26,1,multibracket, Limit,6843.00,,6843.0,,,,,,,USD
12641773162,1002265,12641773162, Buy,MESH6,MES,Micro E-mini S&P 500,6863.0,1,02/13/2026 08:48:05,12641773170, Filled,-2,0,0.25,,12641773170,02/13/2026 08:47:25,2/13/26,1,multibracket, Stop,,6863.00,,6863.0,1,6863.00,6863.0,,"34,315.00",USD
12641773195,1002265,12641773195, Sell,MESH6,MES,Micro E-mini S&P 500,6845.75,1,02/13/2026 08:54:12,12641773195, Filled,-2,0,0.25,,12641773195,02/13/2026 08:54:10,2/13/26,1,multibracket, Limit,6845.75,,6845.75,,1,6845.75,6845.75,,"34,228.75",USD
12641773198,1002265,12641773198, Buy,MESH6,MES,Micro E-mini S&P 500,,,,12641773214, Canceled,-2,0,0.25,,12641773214,02/13/2026 08:54:12,2/13/26,1,multibracket, Limit,6835.75,,6835.75,,,,,,,USD
12641773200,1002265,12641773200, Buy,MESH6,MES,Micro E-mini S&P 500,,,,12641773208, Canceled,-2,0,0.25,,12641773208,02/13/2026 08:54:12,2/13/26,1,multibracket, Stop,,6855.75,,6855.75,,,,,,USD
12641773221,1002265,12641773221, Buy,MESH6,MES,Micro E-mini S&P 500,6839.75,1,02/13/2026 08:54:53,12641773221, Filled,-2,0,0.25,,12641773221,02/13/2026 08:54:53,2/13/26,1,multibracket, Limit,6839.75,,6839.75,,1,6839.75,6839.75,,"34,198.75",USD
12641773224,1002265,12641773224, Sell,MESH6,MES,Micro E-mini S&P 500,,,,12641773242, Canceled,-2,0,0.25,,12641773242,02/13/2026 08:54:53,2/13/26,1,multibracket, Limit,6849.75,,6849.75,,,,,,,USD
12641773226,1002265,12641773226, Sell,MESH6,MES,Micro E-mini S&P 500,,,,12641773236, Canceled,-2,0,0.25,,12641773236,02/13/2026 08:54:53,2/13/26,1,multibracket, Stop,,6829.75,,6829.75,,,,,,USD
12641773265,1002265,12641773265, Sell,MESH6,MES,Micro E-mini S&P 500,6833.5,1,02/13/2026 08:58:38,12641773265, Filled,-2,0,0.25,,12641773265,02/13/2026 08:58:38,2/13/26,1,multibracket, Limit,6833.50,,6833.5,,1,6833.50,6833.5,,"34,167.50",USD
12641773268,1002265,12641773268, Buy,MESH6,MES,Micro E-mini S&P 500,,,,12641773284, Canceled,-2,0,0.25,,12641773284,02/13/2026 08:58:38,2/13/26,1,multibracket, Limit,6823.50,,6823.5,,,,,,,USD
12641773270,1002265,12641773270, Buy,MESH6,MES,Micro E-mini S&P 500,6837.25,1,02/13/2026 08:58:46,12641773290, Filled,-2,0,0.25,,12641773290,02/13/2026 08:58:41,2/13/26,1,multibracket, Stop,,6837.00,,6837.0,1,6837.25,6837.25,,"34,186.25",USD
12641773308,1002265,12641773308, Sell,MESH6,MES,Micro E-mini S&P 500,6871.0,1,02/13/2026 13:43:14,12641773308, Filled,-2,0,0.25,,12641773308,02/13/2026 13:43:07,2/13/26,1,multibracket, Limit,6871.00,,6871.0,,1,6871.00,6871.0,,"34,355.00",USD
12641773311,1002265,12641773311, Buy,MESH6,MES,Micro E-mini S&P 500,,,,12641773338, Canceled,-2,0,0.25,,12641773338,02/13/2026 13:43:30,2/13/26,1,multibracket, Limit,6851.75,,6851.75,,,,,,,USD
12641773313,1002265,12641773313, Buy,MESH6,MES,Micro E-mini S&P 500,,,,12641773333, Canceled,-2,0,0.25,,12641773333,02/13/2026 13:43:21,2/13/26,1,multibracket, Stop,,6883.50,,6883.5,,,,,,USD
12641773344,1002265,12641773344, Buy,MESH6,MES,Micro E-mini S&P 500,6870.25,1,02/13/2026 13:44:52,12641773344, Filled,-2,0,0.25,,12641773344,02/13/2026 13:44:52,2/13/26,1,multibracket, Limit,6870.25,,6870.25,,1,6870.25,6870.25,,"34,351.25",USD
12641773355,1002265,12641773355, Sell,MESH6,MES,Micro E-mini S&P 500,,,,12641773365, Canceled,-2,0,0.25,,12641773365,02/13/2026 13:44:52,2/13/26,1,multibracket, Limit,6880.25,,6880.25,,,,,,,USD
12641773357,1002265,12641773357, Sell,MESH6,MES,Micro E-mini S&P 500,,,,12641773359, Canceled,-2,0,0.25,,12641773359,02/13/2026 13:44:52,2/13/26,1,multibracket, Stop,,6860.25,,6860.25,,,,,,USD
12641773388,1002265,12641773388, Sell,MESH6,MES,Micro E-mini S&P 500,6875.0,1,02/13/2026 13:45:46,12641773388, Filled,-2,0,0.25,,12641773388,02/13/2026 13:45:46,2/13/26,1,multibracket, Limit,6875.00,,6875.0,,1,6875.00,6875.0,,"34,375.00",USD
12641773397,1002265,12641773397, Buy,MESH6,MES,Micro E-mini S&P 500,,,,12641773413, Canceled,-2,0,0.25,,12641773413,02/13/2026 13:47:57,2/13/26,1,multibracket, Limit,6852.00,,6852.0,,,,,,,USD
12641773399,1002265,12641773399, Buy,MESH6,MES,Micro E-mini S&P 500,,,,12641773418, Canceled,-2,0,0.25,,12641773418,02/13/2026 13:48:06,2/13/26,1,multibracket, Stop,,6886.50,,6886.5,,,,,,USD
12641773424,1002265,12641773424, Buy,MESH6,MES,Micro E-mini S&P 500,6861.0,1,02/13/2026 14:00:14,12641773424, Filled,-2,0,0.25,,12641773424,02/13/2026 14:00:14,2/13/26,1,multibracket, Limit,6861.00,,6861.0,,1,6861.00,6861.0,,"34,305.00",USD
12641773435,1002265,12641773435, Sell,MESH6,MES,Micro E-mini S&P 500,,,,12641773445, Canceled,-2,0,0.25,,12641773445,02/13/2026 14:00:14,2/13/26,1,multibracket, Limit,6871.00,,6871.0,,,,,,,USD
12641773437,1002265,12641773437, Sell,MESH6,MES,Micro E-mini S&P 500,,,,12641773439, Canceled,-2,0,0.25,,12641773439,02/13/2026 14:00:14,2/13/26,1,multibracket, Stop,,6851.00,,6851.0,,,,,,USD
12641773468,1002265,12641773468, Sell,MESH6,MES,Micro E-mini S&P 500,6866.0,1,02/13/2026 14:02:31,12641773468, Filled,-2,0,0.25,,12641773468,02/13/2026 14:02:30,2/13/26,1,multibracket, Limit,6866.00,,6866.0,,1,6866.00,6866.0,,"34,330.00",USD
12641773471,1002265,12641773471, Buy,MESH6,MES,Micro E-mini S&P 500,,,,12641773493, Canceled,-2,0,0.25,,12641773493,02/13/2026 14:02:38,2/13/26,1,multibracket, Limit,6851.25,,6851.25,,,,,,,USD
12641773473,1002265,12641773473, Buy,MESH6,MES,Micro E-mini S&P 500,,,,12641773481, Canceled,-2,0,0.25,,12641773481,02/13/2026 14:02:31,2/13/26,1,multibracket, Stop,,6876.00,,6876.0,,,,,,USD
12641773499,1002265,12641773499, Buy,MESH6,MES,Micro E-mini S&P 500,6867.0,1,02/13/2026 14:04:46,12641773499, Filled,-2,0,0.25,,12641773499,02/13/2026 14:04:46,2/13/26,1,multibracket, Limit,6867.00,,6867.0,,1,6867.00,6867.0,,"34,335.00",USD
12641773510,1002265,12641773510, Sell,MESH6,MES,Micro E-mini S&P 500,,,,12641773520, Canceled,-2,0,0.25,,12641773520,02/13/2026 14:04:46,2/13/26,1,multibracket, Limit,6877.00,,6877.0,,,,,,,USD
12641773512,1002265,12641773512, Sell,MESH6,MES,Micro E-mini S&P 500,,,,12641773514, Canceled,-2,0,0.25,,12641773514,02/13/2026 14:04:46,2/13/26,1,multibracket, Stop,,6857.00,,6857.0,,,,,,USD
12641773543,1002265,12641773543, Sell,MESH6,MES,Micro E-mini S&P 500,6866.5,1,02/13/2026 14:05:40,12641773543, Filled,-2,0,0.25,,12641773543,02/13/2026 14:05:40,2/13/26,1,multibracket, Limit,6866.25,,6866.25,,1,6866.50,6866.5,,"34,332.50",USD
12641773552,1002265,12641773552, Buy,MESH6,MES,Micro E-mini S&P 500,,,,12641773567, Canceled,-2,0,0.25,,12641773567,02/13/2026 14:05:40,2/13/26,1,multibracket, Limit,6856.50,,6856.5,,,,,,,USD
12641773554,1002265,12641773554, Buy,MESH6,MES,Micro E-mini S&P 500,,,,12641773560, Canceled,-2,0,0.25,,12641773560,02/13/2026 14:05:40,2/13/26,1,multibracket, Stop,,6876.50,,6876.5,,,,,,USD
12641773575,1002265,12641773575, Buy,MESH6,MES,Micro E-mini S&P 500,6862.5,1,02/13/2026 14:09:11,12641773575, Filled,-2,0,0.25,,12641773575,02/13/2026 14:09:07,2/13/26,1,multibracket, Limit,6862.50,,6862.5,,1,6862.50,6862.5,,"34,312.50",USD
12641773578,1002265,12641773578, Sell,MESH6,MES,Micro E-mini S&P 500,,,,12641773596, Canceled,-2,0,0.25,,12641773596,02/13/2026 14:09:11,2/13/26,1,multibracket, Limit,6872.50,,6872.5,,,,,,,USD
12641773580,1002265,12641773580, Sell,MESH6,MES,Micro E-mini S&P 500,,,,12641773590, Canceled,-2,0,0.25,,12641773590,02/13/2026 14:09:11,2/13/26,1,multibracket, Stop,,6852.50,,6852.5,,,,,,USD
12641773619,1002265,12641773619, Sell,MESH6,MES,Micro E-mini S&P 500,,,,12641773619, Canceled,-2,0,0.25,,12641773619,02/13/2026 14:32:16,2/13/26,1,multibracket, Limit,6845.75,,6845.75,,,,,,,USD
12641773622,1002265,12641773622, Buy,MESH6,MES,Micro E-mini S&P 500,,,,12641773622, Canceled,-2,0,0.25,,12641773622,02/13/2026 14:32:16,2/13/26,1,multibracket, Limit,6835.75,,6835.75,,,,,,,USD
12641773624,1002265,12641773624, Buy,MESH6,MES,Micro E-mini S&P 500,,,,12641773624, Canceled,-2,0,0.25,,12641773624,02/13/2026 14:32:16,2/13/26,1,multibracket, Stop,,6855.75,,6855.75,,,,,,USD
12641773637,1002265,12641773637, Sell,MESH6,MES,Micro E-mini S&P 500,6843.75,1,02/13/2026 14:32:46,12641773637, Filled,-2,0,0.25,,12641773637,02/13/2026 14:32:46,2/13/26,1,multibracket, Limit,6843.75,,6843.75,,1,6843.75,6843.75,,"34,218.75",USD
12641773646,1002265,12641773646, Buy,MESH6,MES,Micro E-mini S&P 500,,,,12641773656, Canceled,-2,0,0.25,,12641773656,02/13/2026 14:32:46,2/13/26,1,multibracket, Limit,6833.75,,6833.75,,,,,,,USD
12641773648,1002265,12641773648, Buy,MESH6,MES,Micro E-mini S&P 500,,,,12641773650, Canceled,-2,0,0.25,,12641773650,02/13/2026 14:32:46,2/13/26,1,multibracket, Stop,,6853.75,,6853.75,,,,,,USD
12641773663,1002265,12641773663, Buy,MESH6,MES,Micro E-mini S&P 500,,,,12641773663, Canceled,-2,0,0.25,,12641773663,02/13/2026 14:33:26,2/13/26,1,multibracket, Limit,6841.75,,6841.75,,,,,,,USD
12641773666,1002265,12641773666, Sell,MESH6,MES,Micro E-mini S&P 500,,,,12641773666, Canceled,-2,0,0.25,,12641773666,02/13/2026 14:33:26,2/13/26,1,multibracket, Limit,6851.75,,6851.75,,,,,,,USD
12641773668,1002265,12641773668, Sell,MESH6,MES,Micro E-mini S&P 500,,,,12641773668, Canceled,-2,0,0.25,,12641773668,02/13/2026 14:33:26,2/13/26,1,multibracket, Stop,,6831.75,,6831.75,,,,,,USD
12641773681,1002265,12641773681, Buy,MESH6,MES,Micro E-mini S&P 500,6840.25,1,02/13/2026 14:34:11,12641773681, Filled,-2,0,0.25,,12641773681,02/13/2026 14:34:11,2/13/26,1,multibracket, Limit,6840.25,,6840.25,,1,6840.25,6840.25,,"34,201.25",USD
12641773692,1002265,12641773692, Sell,MESH6,MES,Micro E-mini S&P 500,,,,12641773702, Canceled,-2,0,0.25,,12641773702,02/13/2026 14:34:11,2/13/26,1,multibracket, Limit,6850.25,,6850.25,,,,,,,USD
12641773694,1002265,12641773694, Sell,MESH6,MES,Micro E-mini S&P 500,,,,12641773696, Canceled,-2,0,0.25,,12641773696,02/13/2026 14:34:11,2/13/26,1,multibracket, Stop,,6830.25,,6830.25,,,,,,USD
12641773725,1002265,12641773725, Sell,MESH6,MES,Micro E-mini S&P 500,6839.0,1,02/13/2026 14:35:11,12641773725, Filled,-2,0,0.25,,12641773725,02/13/2026 14:34:56,2/13/26,1,multibracket, Limit,6839.00,,6839.0,,1,6839.00,6839.0,,"34,195.00",USD
12641773728,1002265,12641773728, Buy,MESH6,MES,Micro E-mini S&P 500,,,,12641773744, Canceled,-2,0,0.25,,12641773744,02/13/2026 14:35:11,2/13/26,1,multibracket, Limit,6829.00,,6829.0,,,,,,,USD
12641773730,1002265,12641773730, Buy,MESH6,MES,Micro E-mini S&P 500,,,,12641773750, Canceled,-2,0,0.25,,12641773750,02/13/2026 14:35:32,2/13/26,1,multibracket, Stop,,6843.25,,6843.25,,,,,,USD
12641773756,1002265,12641773756, Buy,MESH6,MES,Micro E-mini S&P 500,6839.0,1,02/13/2026 14:35:59,12641773756, Filled,-2,0,0.25,,12641773756,02/13/2026 14:35:59,2/13/26,1,multibracket, Limit,6839.00,,6839.0,,1,6839.00,6839.0,,"34,195.00",USD
12641773767,1002265,12641773767, Sell,MESH6,MES,Micro E-mini S&P 500,,,,12641773777, Canceled,-2,0,0.25,,12641773777,02/13/2026 14:35:59,2/13/26,1,multibracket, Limit,6849.00,,6849.0,,,,,,,USD
12641773769,1002265,12641773769, Sell,MESH6,MES,Micro E-mini S&P 500,,,,12641773771, Canceled,-2,0,0.25,,12641773771,02/13/2026 14:35:59,2/13/26,1,multibracket, Stop,,6829.00,,6829.0,,,,,,USD
12641773800,1002265,12641773800, Sell,MESH6,MES,Micro E-mini S&P 500,6835.5,1,02/13/2026 14:37:50,12641773800, Filled,-2,0,0.25,,12641773800,02/13/2026 14:37:50,2/13/26,1,multibracket, Limit,6835.50,,6835.5,,1,6835.50,6835.5,,"34,177.50",USD
12641773803,1002265,12641773803, Buy,MESH6,MES,Micro E-mini S&P 500,,,,12641773819, Canceled,-2,0,0.25,,12641773819,02/13/2026 14:37:50,2/13/26,1,multibracket, Limit,6825.50,,6825.5,,,,,,,USD
12641773805,1002265,12641773805, Buy,MESH6,MES,Micro E-mini S&P 500,,,,12641773825, Canceled,-2,0,0.25,,12641773825,02/13/2026 14:39:41,2/13/26,1,multibracket, Stop,,6842.25,,6842.25,,,,,,USD
12641773831,1002265,12641773831, Buy,MESH6,MES,Micro E-mini S&P 500,6838.75,1,02/13/2026 14:39:59,12641773831, Filled,-2,0,0.25,,12641773831,02/13/2026 14:39:59,2/13/26,1,multibracket, Limit,6838.75,,6838.75,,1,6838.75,6838.75,,"34,193.75",USD
12641773842,1002265,12641773842, Sell,MESH6,MES,Micro E-mini S&P 500,,,,12641773852, Canceled,-2,0,0.25,,12641773852,02/13/2026 14:39:59,2/13/26,1,multibracket, Limit,6848.75,,6848.75,,,,,,,USD
12641773844,1002265,12641773844, Sell,MESH6,MES,Micro E-mini S&P 500,,,,12641773846, Canceled,-2,0,0.25,,12641773846,02/13/2026 14:39:59,2/13/26,1,multibracket, Stop,,6828.75,,6828.75,,,,,,USD
12641773875,1002265,12641773875, Sell,MESH6,MES,Micro E-mini S&P 500,6835.25,1,02/13/2026 14:42:31,12641773875, Filled,-2,0,0.25,,12641773875,02/13/2026 14:42:30,2/13/26,1,multibracket, Limit,6835.25,,6835.25,,1,6835.25,6835.25,,"34,176.25",USD
12641773878,1002265,12641773878, Buy,MESH6,MES,Micro E-mini S&P 500,,,,12641773910, Canceled,-2,0,0.25,,12641773910,02/13/2026 14:43:37,2/13/26,1,multibracket, Limit,6821.75,,6821.75,,,,,,,USD
12641773880,1002265,12641773880, Buy,MESH6,MES,Micro E-mini S&P 500,6841.75,1,02/13/2026 14:47:08,12641773905, Filled,-2,0,0.25,,12641773905,02/13/2026 14:43:21,2/13/26,1,multibracket, Stop,,6841.75,,6841.75,1,6841.75,6841.75,,"34,208.75",USD
12641773928,1002265,12641773928, Sell,MESH6,MES,Micro E-mini S&P 500,,,,12641773928, Canceled,-2,0,0.25,,12641773928,02/13/2026 14:50:34,2/13/26,1,multibracket, Limit,6843.75,,6843.75,,,,,,,USD
12641773931,1002265,12641773931, Buy,MESH6,MES,Micro E-mini S&P 500,,,,12641773931, Canceled,-2,0,0.25,,12641773931,02/13/2026 14:50:34,2/13/26,1,multibracket, Limit,6833.75,,6833.75,,,,,,,USD
12641773933,1002265,12641773933, Buy,MESH6,MES,Micro E-mini S&P 500,,,,12641773933, Canceled,-2,0,0.25,,12641773933,02/13/2026 14:50:34,2/13/26,1,multibracket, Stop,,6853.75,,6853.75,,,,,,USD
12641773946,1002265,12641773946, Sell,MESH6,MES,Micro E-mini S&P 500,,,,12641773946, Canceled,-2,0,0.25,,12641773946,02/13/2026 14:51:45,2/13/26,1,multibracket, Limit,6842.50,,6842.5,,,,,,,USD
12641773949,1002265,12641773949, Buy,MESH6,MES,Micro E-mini S&P 500,,,,12641773949, Canceled,-2,0,0.25,,12641773949,02/13/2026 14:51:45,2/13/26,1,multibracket, Limit,6832.50,,6832.5,,,,,,,USD
12641773951,1002265,12641773951, Buy,MESH6,MES,Micro E-mini S&P 500,,,,12641773951, Canceled,-2,0,0.25,,12641773951,02/13/2026 14:51:45,2/13/26,1,multibracket, Stop,,6852.50,,6852.5,,,,,,USD
12641773964,1002265,12641773964, Sell,MESH6,MES,Micro E-mini S&P 500,6843.75,1,02/13/2026 14:53:33,12641773964, Filled,-2,0,0.25,,12641773964,02/13/2026 14:53:21,2/13/26,1,multibracket, Limit,6843.75,,6843.75,,1,6843.75,6843.75,,"34,218.75",USD
12641773967,1002265,12641773967, Buy,MESH6,MES,Micro E-mini S&P 500,,,,12641773983, Canceled,-2,0,0.25,,12641773983,02/13/2026 14:53:33,2/13/26,1,multibracket, Limit,6833.75,,6833.75,,,,,,,USD
12641773969,1002265,12641773969, Buy,MESH6,MES,Micro E-mini S&P 500,6847.5,1,02/13/2026 14:54:12,12641773989, Filled,-2,0,0.25,,12641773989,02/13/2026 14:53:45,2/13/26,1,multibracket, Stop,,6847.50,,6847.5,1,6847.50,6847.5,,"34,237.50",USD
